{"stats":{"minecraft:killed":{"minecraft:sheep":1},"minecraft:picked_up":{"minecraft:cooked_mutton":3,"minecraft:stick":8,"minecraft:oak_log":4,"minecraft:brown_wool":1,"minecraft:white_wool":2},"minecraft:used":{"minecraft:flint_and_steel":105,"minecraft:tnt":107},"minecraft:custom":{"minecraft:jump":201,"minecraft:time_since_rest":6000,"minecraft:damage_dealt":50,"minecraft:crouch_one_cm":4,"minecraft:sprint_one_cm":10925,"minecraft:play_time":6000,"minecraft:time_since_death":6000,"minecraft:walk_one_cm":6194,"minecraft:sneak_time":230,"minecraft:total_world_time":6000,"minecraft:mob_kills":2,"minecraft:fly_one_cm":56077}},"DataVersion":3465}